"baseMean","log2FoldChange","lfcSE","stat","pvalue","padj","CDC5_1","CDC5_2","CDC5_3","pEhEx_1","pEhEx_2","pEhEx_3","CDC5_1.1","CDC5_2.1","CDC5_3.1","pEhEx_1.1","pEhEx_2.1","pEhEx_3.1","Certeza","DE"
3861.58640304809,-2.32414538303012,0.467571986249997,-4.9706685844679,6.67224166491721e-07,0.00182819421618732,798,1152,1940,7493,6979,8726,1135.89586321599,1349.40790087219,1370.92717630416,5395.266961187,7801.0910957206,6116.92942098862,99.82,"UP_pEhEx_DOWN_CDC5"
63.4759162894729,-2.98249503195247,0.643095026030458,-4.63772057196912,3.52272590049843e-06,0.0032174229891219,4,14,28,166,101,152,5.69371360008014,16.3990543508773,19.7865778023281,119.526800421332,112.897291971311,106.552059590909,99.68,"UP_pEhEx_DOWN_CDC5"
179.499626454964,-2.71289004120525,0.580783586418222,-4.6710859339811,2.99611553845246e-06,0.0032174229891219,31,61,39,384,304,453,44.1262804006211,71.4530225288226,27.5598762246712,276.49573109513,339.809670883946,317.55317759659,99.68,"UP_pEhEx_DOWN_CDC5"
3525.58093466515,-2.2689456416699,0.551627154741339,-4.11318699989275,3.90234023519484e-05,0.0267310306110846,716,1244,1639,7024,7714,5476,1019.17473441435,1457.17311517796,1158.22146492913,5057.56774794842,8622.67039868014,3838.6781468409,97.33,"UP_pEhEx_DOWN_CDC5"
237.45580455021,2.35639236984205,0.585881734814117,4.0219590914362,5.77160835436501e-05,0.0316284137819203,279,262,690,139,82,59,397.13652360559,306.896588566418,487.597810128799,100.085694328706,91.6591875410645,41.3590231306817,96.84,"DOWN_pEhEx_UP_CDC5"
