"baseMean","log2FoldChange","lfcSE","stat","pvalue","padj","CmasM_1","CmasM_2","CmasM_3","pEhEx_1","pEhEx_2","pEhEx_3","CmasM_1.1","CmasM_2.1","CmasM_3.1","pEhEx_1.1","pEhEx_2.1","pEhEx_3.1","Certeza","DE"
24.1058368735088,-7.98009123877156,1.52431023285653,-5.23521463463314,1.64793249867277e-07,0.000377870921945666,0,0,0,80,60,14,0,0,0,61.0421289988398,72.7430358951353,10.8498563470778,99.96,"UP_pEhEx_DOWN_CmasM"
19.6287187631457,-7.685163207947,1.31102002079542,-5.86197242303308,4.57401002284468e-09,2.09764099647657e-05,0,0,0,51,35,47,0,0,0,38.9143572367604,42.4334376054956,36.4245177366184,100,"UP_pEhEx_DOWN_CmasM"
